ID	Description	GeneRatio	BgRatio	RichFactor	FoldEnrichment	zScore	pvalue	p.adjust	qvalue	geneID	Count
GO:0009060	aerobic respiration	59/642	97/3166	0.608247422680412	2.99955037415294	10.086243962645	7.8640080907865e-19	2.30808637464584e-15	2.23172271713267e-15	AK4/ATP5F1A/ATP5F1B/ATP5F1C/ATP5F1D/ATP5ME/ATP5MF/ATP5MG/ATP5PB/ATP5PD/ATP5PO/COQ9/COX4I1/COX5A/COX5B/COX6C/CS/CYC1/DLAT/IDH3A/IDH3B/IDH3G/MDH1/NDUFA10/NDUFA13/NDUFA2/NDUFA4/NDUFA5/NDUFA8/NDUFA9/NDUFB1/NDUFB10/NDUFB11/NDUFB4/NDUFB7/NDUFB9/NDUFS1/NDUFS2/NDUFS3/NDUFS6/NDUFS7/NDUFV1/NDUFV2/NIPSNAP2/NNT/OGDH/PDHA1/PDHB/SDHA/SDHB/SDHC/SUCLA2/SUCLG1/SUCLG2/UQCR10/UQCRB/UQCRC1/UQCRC2/UQCRH	59
GO:0045333	cellular respiration	64/642	113/3166	0.566371681415929	2.7930416563284	9.78759284547541	4.31519329412917e-18	6.33254615913456e-15	6.12303216893276e-15	AK4/ATP5F1A/ATP5F1B/ATP5F1C/ATP5F1D/ATP5ME/ATP5MF/ATP5MG/ATP5PB/ATP5PD/ATP5PO/COQ9/COX4I1/COX5A/COX5B/COX6C/CS/CYC1/DLAT/ETFA/ETFB/ETFDH/GPD1/IDH3A/IDH3B/IDH3G/MDH1/NDUFA10/NDUFA13/NDUFA2/NDUFA4/NDUFA5/NDUFA8/NDUFA9/NDUFB1/NDUFB10/NDUFB11/NDUFB4/NDUFB7/NDUFB9/NDUFS1/NDUFS2/NDUFS3/NDUFS6/NDUFS7/NDUFV1/NDUFV2/NIPSNAP2/NNT/OGDH/PDHA1/PDHB/SDHA/SDHB/SDHC/SLC25A12/SUCLA2/SUCLG1/SUCLG2/UQCR10/UQCRB/UQCRC1/UQCRC2/UQCRH	64
GO:0015980	energy derivation by oxidation of organic compounds	73/642	142/3166	0.514084507042254	2.53518932912114	9.43897678001217	2.57917351499619e-17	2.52329142217127e-14	2.43980764787008e-14	ACADM/ACADVL/AGL/AK4/ATP5F1A/ATP5F1B/ATP5F1C/ATP5F1D/ATP5ME/ATP5MF/ATP5MG/ATP5PB/ATP5PD/ATP5PO/COQ9/COX4I1/COX5A/COX5B/COX6C/CS/CYC1/DLAT/ETFA/ETFB/ETFDH/GPD1/GYG1/IDH3A/IDH3B/IDH3G/MDH1/NDUFA10/NDUFA13/NDUFA2/NDUFA4/NDUFA5/NDUFA8/NDUFA9/NDUFB1/NDUFB10/NDUFB11/NDUFB4/NDUFB7/NDUFB9/NDUFS1/NDUFS2/NDUFS3/NDUFS6/NDUFS7/NDUFV1/NDUFV2/NIPSNAP2/NNT/OGDH/PDHA1/PDHB/PFKM/PHKA1/PPP1CA/PYGM/SDHA/SDHB/SDHC/SLC25A12/SUCLA2/SUCLG1/SUCLG2/UGP2/UQCR10/UQCRB/UQCRC1/UQCRC2/UQCRH	73
GO:0015986	proton motive force-driven ATP synthesis	33/642	41/3166	0.804878048780488	3.96922726236608	9.6498386741897	1.24351068658106e-16	7.43754473499913e-14	7.19147157018117e-14	ATP5F1A/ATP5F1B/ATP5F1C/ATP5F1D/ATP5MK/ATP5ME/ATP5MF/ATP5MG/ATP5PB/ATP5PD/ATP5PO/NDUFA10/NDUFA13/NDUFA2/NDUFA5/NDUFA8/NDUFA9/NDUFB1/NDUFB10/NDUFB11/NDUFB4/NDUFB7/NDUFB9/NDUFS1/NDUFS2/NDUFS3/NDUFS6/NDUFS7/NDUFV1/NDUFV2/SDHA/SDHB/SDHC	33
GO:0042776	proton motive force-driven mitochondrial ATP synthesis	32/642	39/3166	0.82051282051282	4.04632957903986	9.65283641196354	1.26704339608162e-16	7.43754473499913e-14	7.19147157018117e-14	ATP5F1A/ATP5F1B/ATP5F1C/ATP5F1D/ATP5ME/ATP5MF/ATP5MG/ATP5PB/ATP5PD/ATP5PO/NDUFA10/NDUFA13/NDUFA2/NDUFA5/NDUFA8/NDUFA9/NDUFB1/NDUFB10/NDUFB11/NDUFB4/NDUFB7/NDUFB9/NDUFS1/NDUFS2/NDUFS3/NDUFS6/NDUFS7/NDUFV1/NDUFV2/SDHA/SDHB/SDHC	32
GO:0006119	oxidative phosphorylation	46/642	71/3166	0.647887323943662	3.19503312711158	9.43299539753269	1.96655358767882e-16	9.61972463306221e-14	9.30145346031945e-14	AK4/ATP5F1A/ATP5F1B/ATP5F1C/ATP5F1D/ATP5ME/ATP5MF/ATP5MG/ATP5PB/ATP5PD/ATP5PO/COQ9/COX4I1/COX5A/COX5B/COX6C/CYC1/NDUFA10/NDUFA13/NDUFA2/NDUFA4/NDUFA5/NDUFA8/NDUFA9/NDUFB1/NDUFB10/NDUFB11/NDUFB4/NDUFB7/NDUFB9/NDUFS1/NDUFS2/NDUFS3/NDUFS6/NDUFS7/NDUFV1/NDUFV2/NIPSNAP2/SDHA/SDHB/SDHC/UQCR10/UQCRB/UQCRC1/UQCRC2/UQCRH	46
GO:1902600	proton transmembrane transport	43/642	65/3166	0.661538461538462	3.26235322310089	9.29342725406476	6.28947194510567e-16	2.63708573698359e-13	2.54983704721878e-13	ATP1A1/ATP1B1/ATP5F1A/ATP5F1B/ATP5F1C/ATP5F1D/ATP5ME/ATP5MF/ATP5MG/ATP5PB/ATP5PD/ATP5PO/COX4I1/COX5A/COX5B/CYB5A/CYC1/NDUFA10/NDUFA2/NDUFA4/NDUFA5/NDUFA8/NDUFA9/NDUFB1/NDUFB10/NDUFB4/NDUFB7/NDUFB9/NDUFS1/NDUFS2/NDUFS3/NDUFS6/NDUFS7/NDUFV1/NDUFV2/NNT/PHB2/SLC25A12/SLC25A3/SLC25A4/UQCR10/UQCRC1/UQCRH	43
GO:0009206	purine ribonucleoside triphosphate biosynthetic process	37/642	52/3166	0.711538461538462	3.50892643182363	9.19898669038404	1.92059902092376e-15	7.04619765801406e-13	6.81307231632956e-13	ATP5F1A/ATP5F1B/ATP5F1C/ATP5F1D/ATP5MK/ATP5ME/ATP5MF/ATP5MG/ATP5PB/ATP5PD/ATP5PO/ENO1/IMPDH2/NDUFA10/NDUFA13/NDUFA2/NDUFA5/NDUFA8/NDUFA9/NDUFB1/NDUFB10/NDUFB11/NDUFB4/NDUFB7/NDUFB9/NDUFS1/NDUFS2/NDUFS3/NDUFS6/NDUFS7/NDUFV1/NDUFV2/NME1/NME2/SDHA/SDHB/SDHC	37
GO:0009145	purine nucleoside triphosphate biosynthetic process	37/642	53/3166	0.69811320754717	3.44272027273262	9.0434013849782	5.16184245208302e-15	1.6833341774293e-12	1.62764061413051e-12	ATP5F1A/ATP5F1B/ATP5F1C/ATP5F1D/ATP5MK/ATP5ME/ATP5MF/ATP5MG/ATP5PB/ATP5PD/ATP5PO/ENO1/IMPDH2/NDUFA10/NDUFA13/NDUFA2/NDUFA5/NDUFA8/NDUFA9/NDUFB1/NDUFB10/NDUFB11/NDUFB4/NDUFB7/NDUFB9/NDUFS1/NDUFS2/NDUFS3/NDUFS6/NDUFS7/NDUFV1/NDUFV2/NME1/NME2/SDHA/SDHB/SDHC	37
GO:0046034	ATP metabolic process	54/642	97/3166	0.556701030927835	2.74535118990269	8.80399820350052	5.84523667285858e-15	1.71557696348399e-12	1.65881663895018e-12	AK1/AK4/ALDOC/APP/ATP1B1/ATP5F1A/ATP5F1B/ATP5F1C/ATP5F1D/ATP5MK/ATP5ME/ATP5MF/ATP5MG/ATP5PB/ATP5PD/ATP5PO/ENO1/ENO3/FBP1/GPD1/HSPA8/MYH4/MYH7/NDUFA10/NDUFA13/NDUFA2/NDUFA5/NDUFA8/NDUFA9/NDUFB1/NDUFB10/NDUFB11/NDUFB4/NDUFB7/NDUFB9/NDUFS1/NDUFS2/NDUFS3/NDUFS6/NDUFS7/NDUFV1/NDUFV2/NMNAT1/NUDT5/OGDH/OLA1/PFKM/PGAM1/PKLR/SDHA/SDHB/SDHC/SLC4A1/UCHL1	54
GO:0009142	nucleoside triphosphate biosynthetic process	39/642	58/3166	0.672413793103448	3.31598453109894	8.97674403886961	6.60131857579317e-15	1.76135181999572e-12	1.70307702204195e-12	AK1/AK4/ATP5F1A/ATP5F1B/ATP5F1C/ATP5F1D/ATP5MK/ATP5ME/ATP5MF/ATP5MG/ATP5PB/ATP5PD/ATP5PO/ENO1/IMPDH2/NDUFA10/NDUFA13/NDUFA2/NDUFA5/NDUFA8/NDUFA9/NDUFB1/NDUFB10/NDUFB11/NDUFB4/NDUFB7/NDUFB9/NDUFS1/NDUFS2/NDUFS3/NDUFS6/NDUFS7/NDUFV1/NDUFV2/NME1/NME2/SDHA/SDHB/SDHC	39
GO:0006754	ATP biosynthetic process	34/642	47/3166	0.723404255319149	3.56744216875456	8.94234883662797	1.2512307005032e-14	3.00341167435944e-12	2.90404299258425e-12	ATP5F1A/ATP5F1B/ATP5F1C/ATP5F1D/ATP5MK/ATP5ME/ATP5MF/ATP5MG/ATP5PB/ATP5PD/ATP5PO/ENO1/NDUFA10/NDUFA13/NDUFA2/NDUFA5/NDUFA8/NDUFA9/NDUFB1/NDUFB10/NDUFB11/NDUFB4/NDUFB7/NDUFB9/NDUFS1/NDUFS2/NDUFS3/NDUFS6/NDUFS7/NDUFV1/NDUFV2/SDHA/SDHB/SDHC	34
GO:0009201	ribonucleoside triphosphate biosynthetic process	37/642	54/3166	0.685185185185185	3.37896619360794	8.89150039671824	1.33030159341304e-14	3.00341167435944e-12	2.90404299258425e-12	ATP5F1A/ATP5F1B/ATP5F1C/ATP5F1D/ATP5MK/ATP5ME/ATP5MF/ATP5MG/ATP5PB/ATP5PD/ATP5PO/ENO1/IMPDH2/NDUFA10/NDUFA13/NDUFA2/NDUFA5/NDUFA8/NDUFA9/NDUFB1/NDUFB10/NDUFB11/NDUFB4/NDUFB7/NDUFB9/NDUFS1/NDUFS2/NDUFS3/NDUFS6/NDUFS7/NDUFV1/NDUFV2/NME1/NME2/SDHA/SDHB/SDHC	37
GO:0009205	purine ribonucleoside triphosphate metabolic process	57/642	109/3166	0.522935779816514	2.57883906370574	8.45888437732107	4.02003639115125e-14	8.10779136511238e-12	7.83954291055069e-12	AK1/AK4/ALDOC/APP/ATP1B1/ATP5F1A/ATP5F1B/ATP5F1C/ATP5F1D/ATP5MK/ATP5ME/ATP5MF/ATP5MG/ATP5PB/ATP5PD/ATP5PO/ENO1/ENO3/FBP1/GPD1/HSPA8/IMPDH2/MYH4/MYH7/NDUFA10/NDUFA13/NDUFA2/NDUFA5/NDUFA8/NDUFA9/NDUFB1/NDUFB10/NDUFB11/NDUFB4/NDUFB7/NDUFB9/NDUFS1/NDUFS2/NDUFS3/NDUFS6/NDUFS7/NDUFV1/NDUFV2/NME1/NME2/NMNAT1/NUDT5/OGDH/OLA1/PFKM/PGAM1/PKLR/SDHA/SDHB/SDHC/SLC4A1/UCHL1	57
GO:0006091	generation of precursor metabolites and energy	87/642	204/3166	0.426470588235294	2.10312442734103	8.214038879357	4.14367531436748e-14	8.10779136511238e-12	7.83954291055069e-12	ACADM/ACADVL/ACOX1/AGL/AK4/ALDOC/APP/ATP5F1A/ATP5F1B/ATP5F1C/ATP5F1D/ATP5ME/ATP5MF/ATP5MG/ATP5PB/ATP5PD/ATP5PO/COQ9/COX4I1/COX5A/COX5B/COX6C/CS/CYC1/DLAT/ENO1/ENO3/ETFA/ETFB/ETFDH/FBP1/GPD1/GYG1/IDH3A/IDH3B/IDH3G/MDH1/NDUFA10/NDUFA13/NDUFA2/NDUFA4/NDUFA5/NDUFA8/NDUFA9/NDUFB1/NDUFB10/NDUFB11/NDUFB4/NDUFB7/NDUFB9/NDUFS1/NDUFS2/NDUFS3/NDUFS6/NDUFS7/NDUFV1/NDUFV2/NIPSNAP2/NNT/OGDH/PDHA1/PDHB/PFKM/PGAM1/PHB2/PHKA1/PKLR/PPP1CA/PYGM/RBPJ/SDHA/SDHB/SDHC/SLC25A12/SLC25A4/SLC4A1/SUCLA2/SUCLG1/SUCLG2/TKT/UCHL1/UGP2/UQCR10/UQCRB/UQCRC1/UQCRC2/UQCRH	87
GO:0009199	ribonucleoside triphosphate metabolic process	57/642	111/3166	0.513513513513513	2.53237349499032	8.28762724671775	1.13311392607518e-13	2.07855585814416e-11	2.00978627940703e-11	AK1/AK4/ALDOC/APP/ATP1B1/ATP5F1A/ATP5F1B/ATP5F1C/ATP5F1D/ATP5MK/ATP5ME/ATP5MF/ATP5MG/ATP5PB/ATP5PD/ATP5PO/ENO1/ENO3/FBP1/GPD1/HSPA8/IMPDH2/MYH4/MYH7/NDUFA10/NDUFA13/NDUFA2/NDUFA5/NDUFA8/NDUFA9/NDUFB1/NDUFB10/NDUFB11/NDUFB4/NDUFB7/NDUFB9/NDUFS1/NDUFS2/NDUFS3/NDUFS6/NDUFS7/NDUFV1/NDUFV2/NME1/NME2/NMNAT1/NUDT5/OGDH/OLA1/PFKM/PGAM1/PKLR/SDHA/SDHB/SDHC/SLC4A1/UCHL1	57
GO:0019646	aerobic electron transport chain	32/642	45/3166	0.711111111111111	3.50681896850121	8.54067194860686	1.71263663282805e-13	2.95681677491196e-11	2.85898969789748e-11	COQ9/COX4I1/COX5A/COX5B/COX6C/CYC1/NDUFA10/NDUFA2/NDUFA4/NDUFA5/NDUFA8/NDUFA9/NDUFB1/NDUFB10/NDUFB4/NDUFB7/NDUFB9/NDUFS1/NDUFS2/NDUFS3/NDUFS6/NDUFS7/NDUFV1/NDUFV2/SDHA/SDHB/SDHC/UQCR10/UQCRB/UQCRC1/UQCRC2/UQCRH	32
GO:0009144	purine nucleoside triphosphate metabolic process	57/642	113/3166	0.504424778761062	2.48755272516748	8.12003466775568	3.07562884200341e-13	5.01498369515556e-11	4.84906161288959e-11	AK1/AK4/ALDOC/APP/ATP1B1/ATP5F1A/ATP5F1B/ATP5F1C/ATP5F1D/ATP5MK/ATP5ME/ATP5MF/ATP5MG/ATP5PB/ATP5PD/ATP5PO/ENO1/ENO3/FBP1/GPD1/HSPA8/IMPDH2/MYH4/MYH7/NDUFA10/NDUFA13/NDUFA2/NDUFA5/NDUFA8/NDUFA9/NDUFB1/NDUFB10/NDUFB11/NDUFB4/NDUFB7/NDUFB9/NDUFS1/NDUFS2/NDUFS3/NDUFS6/NDUFS7/NDUFV1/NDUFV2/NME1/NME2/NMNAT1/NUDT5/OGDH/OLA1/PFKM/PGAM1/PKLR/SDHA/SDHB/SDHC/SLC4A1/UCHL1	57
GO:0022904	respiratory electron transport chain	38/642	61/3166	0.622950819672131	3.07205964966039	8.24035771204792	5.85450672951541e-13	9.04367223743564e-11	8.74445991289393e-11	COQ9/COX4I1/COX5A/COX5B/COX6C/CYC1/ETFA/ETFB/ETFDH/GPD1/MDH1/NDUFA10/NDUFA2/NDUFA4/NDUFA5/NDUFA8/NDUFA9/NDUFB1/NDUFB10/NDUFB4/NDUFB7/NDUFB9/NDUFS1/NDUFS2/NDUFS3/NDUFS6/NDUFS7/NDUFV1/NDUFV2/SDHA/SDHB/SDHC/SLC25A12/UQCR10/UQCRB/UQCRC1/UQCRC2/UQCRH	38
GO:0009150	purine ribonucleotide metabolic process	64/642	139/3166	0.460431654676259	2.27060220982093	7.72539140181304	2.14298390157703e-12	3.14482887556429e-10	3.0407813677114e-10	ABHD14B/ADSS1/AK1/AK4/ALDOC/APP/ATIC/ATP1B1/ATP5F1A/ATP5F1B/ATP5F1C/ATP5F1D/ATP5MK/ATP5ME/ATP5MF/ATP5MG/ATP5PB/ATP5PD/ATP5PO/DLG1/ENO1/ENO3/FBP1/GPD1/HINT1/HSPA8/IMPDH2/MPP1/MYH4/MYH7/NDUFA10/NDUFA13/NDUFA2/NDUFA5/NDUFA8/NDUFA9/NDUFB1/NDUFB10/NDUFB11/NDUFB4/NDUFB7/NDUFB9/NDUFS1/NDUFS2/NDUFS3/NDUFS6/NDUFS7/NDUFV1/NDUFV2/NME1/NME2/NMNAT1/NUDT5/OGDH/OLA1/PFKM/PGAM1/PKLR/PNP/SDHA/SDHB/SDHC/SLC4A1/UCHL1	64
GO:0009152	purine ribonucleotide biosynthetic process	41/642	71/3166	0.577464788732394	2.84774691764293	7.94055814222113	2.50850930949642e-12	3.45135947085583e-10	3.33717031594273e-10	ADSS1/AK1/AK4/ATIC/ATP5F1A/ATP5F1B/ATP5F1C/ATP5F1D/ATP5MK/ATP5ME/ATP5MF/ATP5MG/ATP5PB/ATP5PD/ATP5PO/ENO1/IMPDH2/NDUFA10/NDUFA13/NDUFA2/NDUFA5/NDUFA8/NDUFA9/NDUFB1/NDUFB10/NDUFB11/NDUFB4/NDUFB7/NDUFB9/NDUFS1/NDUFS2/NDUFS3/NDUFS6/NDUFS7/NDUFV1/NDUFV2/NME1/NME2/SDHA/SDHB/SDHC	41
GO:0009259	ribonucleotide metabolic process	66/642	146/3166	0.452054794520548	2.22929202406862	7.66898196001122	2.71061044633839e-12	3.45135947085583e-10	3.33717031594273e-10	ABHD14B/ADSS1/AK1/AK4/ALDOC/APP/ATIC/ATP1B1/ATP5F1A/ATP5F1B/ATP5F1C/ATP5F1D/ATP5MK/ATP5ME/ATP5MF/ATP5MG/ATP5PB/ATP5PD/ATP5PO/CDA/CMPK1/DLG1/ENO1/ENO3/FBP1/GPD1/HINT1/HSPA8/IMPDH2/MPP1/MYH4/MYH7/NDUFA10/NDUFA13/NDUFA2/NDUFA5/NDUFA8/NDUFA9/NDUFB1/NDUFB10/NDUFB11/NDUFB4/NDUFB7/NDUFB9/NDUFS1/NDUFS2/NDUFS3/NDUFS6/NDUFS7/NDUFV1/NDUFV2/NME1/NME2/NMNAT1/NUDT5/OGDH/OLA1/PFKM/PGAM1/PKLR/PNP/SDHA/SDHB/SDHC/SLC4A1/UCHL1	66
GO:0042773	ATP synthesis coupled electron transport	32/642	48/3166	0.666666666666667	3.28764278296989	8.0534222309818	2.82223602386848e-12	3.45135947085583e-10	3.33717031594273e-10	COQ9/COX4I1/COX5A/COX5B/COX6C/CYC1/NDUFA10/NDUFA2/NDUFA4/NDUFA5/NDUFA8/NDUFA9/NDUFB1/NDUFB10/NDUFB4/NDUFB7/NDUFB9/NDUFS1/NDUFS2/NDUFS3/NDUFS6/NDUFS7/NDUFV1/NDUFV2/SDHA/SDHB/SDHC/UQCR10/UQCRB/UQCRC1/UQCRC2/UQCRH	32
GO:0042775	mitochondrial ATP synthesis coupled electron transport	32/642	48/3166	0.666666666666667	3.28764278296989	8.0534222309818	2.82223602386848e-12	3.45135947085583e-10	3.33717031594273e-10	COQ9/COX4I1/COX5A/COX5B/COX6C/CYC1/NDUFA10/NDUFA2/NDUFA4/NDUFA5/NDUFA8/NDUFA9/NDUFB1/NDUFB10/NDUFB4/NDUFB7/NDUFB9/NDUFS1/NDUFS2/NDUFS3/NDUFS6/NDUFS7/NDUFV1/NDUFV2/SDHA/SDHB/SDHC/UQCR10/UQCRB/UQCRC1/UQCRC2/UQCRH	32
GO:0009260	ribonucleotide biosynthetic process	43/642	77/3166	0.558441558441558	2.75393453898127	7.85704941942582	3.44605446067886e-12	4.04566793683698e-10	3.91181592673271e-10	ADSS1/AK1/AK4/ATIC/ATP5F1A/ATP5F1B/ATP5F1C/ATP5F1D/ATP5MK/ATP5ME/ATP5MF/ATP5MG/ATP5PB/ATP5PD/ATP5PO/CDA/CMPK1/ENO1/IMPDH2/NDUFA10/NDUFA13/NDUFA2/NDUFA5/NDUFA8/NDUFA9/NDUFB1/NDUFB10/NDUFB11/NDUFB4/NDUFB7/NDUFB9/NDUFS1/NDUFS2/NDUFS3/NDUFS6/NDUFS7/NDUFV1/NDUFV2/NME1/NME2/SDHA/SDHB/SDHC	43
GO:0009141	nucleoside triphosphate metabolic process	57/642	119/3166	0.478991596638655	2.36212989868845	7.63775064039633	4.99846331832408e-12	5.64249609203122e-10	5.45581259360394e-10	AK1/AK4/ALDOC/APP/ATP1B1/ATP5F1A/ATP5F1B/ATP5F1C/ATP5F1D/ATP5MK/ATP5ME/ATP5MF/ATP5MG/ATP5PB/ATP5PD/ATP5PO/ENO1/ENO3/FBP1/GPD1/HSPA8/IMPDH2/MYH4/MYH7/NDUFA10/NDUFA13/NDUFA2/NDUFA5/NDUFA8/NDUFA9/NDUFB1/NDUFB10/NDUFB11/NDUFB4/NDUFB7/NDUFB9/NDUFS1/NDUFS2/NDUFS3/NDUFS6/NDUFS7/NDUFV1/NDUFV2/NME1/NME2/NMNAT1/NUDT5/OGDH/OLA1/PFKM/PGAM1/PKLR/SDHA/SDHB/SDHC/SLC4A1/UCHL1	57
GO:0022900	electron transport chain	38/642	65/3166	0.584615384615385	2.8830098250659	7.73513819559678	9.78211423799756e-12	1.06335204772307e-09	1.02817075967413e-09	COQ9/COX4I1/COX5A/COX5B/COX6C/CYC1/ETFA/ETFB/ETFDH/GPD1/MDH1/NDUFA10/NDUFA2/NDUFA4/NDUFA5/NDUFA8/NDUFA9/NDUFB1/NDUFB10/NDUFB4/NDUFB7/NDUFB9/NDUFS1/NDUFS2/NDUFS3/NDUFS6/NDUFS7/NDUFV1/NDUFV2/SDHA/SDHB/SDHC/SLC25A12/UQCR10/UQCRB/UQCRC1/UQCRC2/UQCRH	38
GO:0098655	monoatomic cation transmembrane transport	69/642	160/3166	0.43125	2.12669392523365	7.37532481739426	1.28538949175247e-11	1.34736362796196e-09	1.30278574051303e-09	ACTN2/AGT/ANK2/ATP1A1/ATP1B1/ATP2A1/ATP2A2/ATP2A3/ATP5F1A/ATP5F1B/ATP5F1C/ATP5F1D/ATP5ME/ATP5MF/ATP5MG/ATP5PB/ATP5PD/ATP5PO/BIN1/BPIFA1/CACNA2D1/CASQ1/CASQ2/CAV1/COX4I1/COX5A/COX5B/CTSS/CYB5A/CYC1/DLG1/EHD3/ERO1A/F2/FHL1/GSTM2/HRC/MMP9/NDUFA10/NDUFA2/NDUFA4/NDUFA5/NDUFA8/NDUFA9/NDUFB1/NDUFB10/NDUFB4/NDUFB7/NDUFB9/NDUFS1/NDUFS2/NDUFS3/NDUFS6/NDUFS7/NDUFV1/NDUFV2/NIPSNAP2/NNT/PHB2/SLC25A12/SLC25A3/SLC25A4/SUMO1/TMEM109/UBQLN1/UQCR10/UQCRC1/UQCRH/VDAC1	69
GO:0019693	ribose phosphate metabolic process	66/642	153/3166	0.431372549019608	2.12729827133346	7.20766654933121	3.69445014281629e-11	3.7390383341951e-09	3.61533124683583e-09	ABHD14B/ADSS1/AK1/AK4/ALDOC/APP/ATIC/ATP1B1/ATP5F1A/ATP5F1B/ATP5F1C/ATP5F1D/ATP5MK/ATP5ME/ATP5MF/ATP5MG/ATP5PB/ATP5PD/ATP5PO/CDA/CMPK1/DLG1/ENO1/ENO3/FBP1/GPD1/HINT1/HSPA8/IMPDH2/MPP1/MYH4/MYH7/NDUFA10/NDUFA13/NDUFA2/NDUFA5/NDUFA8/NDUFA9/NDUFB1/NDUFB10/NDUFB11/NDUFB4/NDUFB7/NDUFB9/NDUFS1/NDUFS2/NDUFS3/NDUFS6/NDUFS7/NDUFV1/NDUFV2/NME1/NME2/NMNAT1/NUDT5/OGDH/OLA1/PFKM/PGAM1/PKLR/PNP/SDHA/SDHB/SDHC/SLC4A1/UCHL1	66
GO:0006164	purine nucleotide biosynthetic process	43/642	83/3166	0.518072289156627	2.55485493375371	7.23855462001382	9.67209863616038e-11	9.1572933861712e-09	8.85432187541201e-09	ADSS1/AK1/AK4/ATIC/ATP5F1A/ATP5F1B/ATP5F1C/ATP5F1D/ATP5MK/ATP5ME/ATP5MF/ATP5MG/ATP5PB/ATP5PD/ATP5PO/ENO1/IMPDH2/NADK2/NDUFA10/NDUFA13/NDUFA2/NDUFA5/NDUFA8/NDUFA9/NDUFB1/NDUFB10/NDUFB11/NDUFB4/NDUFB7/NDUFB9/NDUFS1/NDUFS2/NDUFS3/NDUFS6/NDUFS7/NDUFV1/NDUFV2/NME1/NME2/NMNAT1/SDHA/SDHB/SDHC	43
GO:0046390	ribose phosphate biosynthetic process	43/642	83/3166	0.518072289156627	2.55485493375371	7.23855462001382	9.67209863616038e-11	9.1572933861712e-09	8.85432187541201e-09	ADSS1/AK1/AK4/ATIC/ATP5F1A/ATP5F1B/ATP5F1C/ATP5F1D/ATP5MK/ATP5ME/ATP5MF/ATP5MG/ATP5PB/ATP5PD/ATP5PO/CDA/CMPK1/ENO1/IMPDH2/NDUFA10/NDUFA13/NDUFA2/NDUFA5/NDUFA8/NDUFA9/NDUFB1/NDUFB10/NDUFB11/NDUFB4/NDUFB7/NDUFB9/NDUFS1/NDUFS2/NDUFS3/NDUFS6/NDUFS7/NDUFV1/NDUFV2/NME1/NME2/SDHA/SDHB/SDHC	43
GO:0098662	inorganic cation transmembrane transport	66/642	157/3166	0.420382165605096	2.07309958926127	6.95486103686553	1.47054890937307e-10	1.34876907781561e-08	1.30414469068085e-08	ACTN2/AGT/ANK2/ATP1A1/ATP1B1/ATP2A1/ATP2A2/ATP2A3/ATP5F1A/ATP5F1B/ATP5F1C/ATP5F1D/ATP5ME/ATP5MF/ATP5MG/ATP5PB/ATP5PD/ATP5PO/BIN1/BPIFA1/CACNA2D1/CASQ1/CASQ2/CAV1/COX4I1/COX5A/COX5B/CYB5A/CYC1/DLG1/EHD3/ERO1A/F2/FHL1/GSTM2/HRC/NDUFA10/NDUFA2/NDUFA4/NDUFA5/NDUFA8/NDUFA9/NDUFB1/NDUFB10/NDUFB4/NDUFB7/NDUFB9/NDUFS1/NDUFS2/NDUFS3/NDUFS6/NDUFS7/NDUFV1/NDUFV2/NIPSNAP2/NNT/PHB2/SLC25A12/SLC25A3/SLC25A4/SUMO1/UBQLN1/UQCR10/UQCRC1/UQCRH/VDAC1	66
GO:0034220	monoatomic ion transmembrane transport	73/642	182/3166	0.401098901098901	1.97800486118243	6.85309881515396	2.02008986983763e-10	1.79665568726468e-08	1.7372128513819e-08	ACTN2/AGT/ANK2/ANXA6/ATP1A1/ATP1B1/ATP2A1/ATP2A2/ATP2A3/ATP5F1A/ATP5F1B/ATP5F1C/ATP5F1D/ATP5ME/ATP5MF/ATP5MG/ATP5PB/ATP5PD/ATP5PO/BIN1/BPIFA1/CACNA2D1/CASQ1/CASQ2/CAV1/COX4I1/COX5A/COX5B/CTSS/CYB5A/CYC1/DLG1/EHD3/ERO1A/F2/FHL1/GSTM2/HRC/MMP9/NDUFA10/NDUFA2/NDUFA4/NDUFA5/NDUFA8/NDUFA9/NDUFB1/NDUFB10/NDUFB4/NDUFB7/NDUFB9/NDUFS1/NDUFS2/NDUFS3/NDUFS6/NDUFS7/NDUFV1/NDUFV2/NIPSNAP2/NNT/PHB2/SLC25A12/SLC25A3/SLC25A4/SLC4A1/SUMO1/TMEM109/UBQLN1/UQCR10/UQCRC1/UQCRH/VDAC1/VDAC2/VDAC3	73
GO:0098660	inorganic ion transmembrane transport	68/642	165/3166	0.412121212121212	2.03236099310866	6.86831582479727	2.1856863091921e-10	1.88676156396436e-08	1.82433755095415e-08	ACTN2/AGT/ANK2/ATP1A1/ATP1B1/ATP2A1/ATP2A2/ATP2A3/ATP5F1A/ATP5F1B/ATP5F1C/ATP5F1D/ATP5ME/ATP5MF/ATP5MG/ATP5PB/ATP5PD/ATP5PO/BIN1/BPIFA1/CACNA2D1/CASQ1/CASQ2/CAV1/COX4I1/COX5A/COX5B/CYB5A/CYC1/DLG1/EHD3/ERO1A/F2/FHL1/GSTM2/HRC/NDUFA10/NDUFA2/NDUFA4/NDUFA5/NDUFA8/NDUFA9/NDUFB1/NDUFB10/NDUFB4/NDUFB7/NDUFB9/NDUFS1/NDUFS2/NDUFS3/NDUFS6/NDUFS7/NDUFV1/NDUFV2/NIPSNAP2/NNT/PHB2/SLC25A11/SLC25A12/SLC25A3/SLC25A4/SLC4A1/SUMO1/UBQLN1/UQCR10/UQCRC1/UQCRH/VDAC1	68
GO:0006163	purine nucleotide metabolic process	73/642	187/3166	0.390374331550802	1.92511703066953	6.57645607318844	8.83780665825193e-10	7.41113215484841e-08	7.16593285733751e-08	ABHD14B/ADSS1/AK1/AK4/ALDOC/APP/ATIC/ATP1B1/ATP5F1A/ATP5F1B/ATP5F1C/ATP5F1D/ATP5MK/ATP5ME/ATP5MF/ATP5MG/ATP5PB/ATP5PD/ATP5PO/DCXR/DLG1/DNPH1/ENO1/ENO3/FBP1/GPD1/GPD1L/HINT1/HSPA8/IMPDH2/MDH1/MPP1/MYH4/MYH7/NADK2/NDUFA10/NDUFA13/NDUFA2/NDUFA5/NDUFA8/NDUFA9/NDUFB1/NDUFB10/NDUFB11/NDUFB4/NDUFB7/NDUFB9/NDUFS1/NDUFS2/NDUFS3/NDUFS6/NDUFS7/NDUFV1/NDUFV2/NME1/NME2/NMNAT1/NNT/NUDT5/OGDH/OLA1/PFKM/PGAM1/PKLR/PNP/PRDX5/SDHA/SDHB/SDHC/SLC4A1/TKT/TP53I3/UCHL1	73
GO:0009165	nucleotide biosynthetic process	46/642	98/3166	0.469387755102041	2.31476889821349	6.66721527517908	1.50147828974125e-09	1.22412188344183e-07	1.18362148220538e-07	ADSS1/AK1/AK4/ATIC/ATP5F1A/ATP5F1B/ATP5F1C/ATP5F1D/ATP5MK/ATP5ME/ATP5MF/ATP5MG/ATP5PB/ATP5PD/ATP5PO/CDA/CMPK1/ENO1/IMPDH2/NADK2/NDUFA10/NDUFA13/NDUFA2/NDUFA5/NDUFA8/NDUFA9/NDUFB1/NDUFB10/NDUFB11/NDUFB4/NDUFB7/NDUFB9/NDUFS1/NDUFS2/NDUFS3/NDUFS6/NDUFS7/NDUFV1/NDUFV2/NME1/NME2/NMNAT1/PNP/SDHA/SDHB/SDHC	46
GO:0072521	purine-containing compound metabolic process	83/642	227/3166	0.365638766519824	1.80313447788436	6.33302353086965	2.4660517968165e-09	1.91804384962358e-07	1.85458485379186e-07	ABHD14B/ACSL1/ADSS1/AK1/AK4/ALDOC/APP/ATIC/ATP1B1/ATP5F1A/ATP5F1B/ATP5F1C/ATP5F1D/ATP5MK/ATP5ME/ATP5MF/ATP5MG/ATP5PB/ATP5PD/ATP5PO/CBR4/DCXR/DLAT/DLG1/DNPH1/ENO1/ENO3/FBP1/GPD1/GPD1L/HINT1/HSPA8/IMPDH2/MCCC2/MDH1/MPP1/MYH4/MYH7/NADK2/NDUFA10/NDUFA13/NDUFA2/NDUFA5/NDUFA8/NDUFA9/NDUFB1/NDUFB10/NDUFB11/NDUFB4/NDUFB7/NDUFB9/NDUFS1/NDUFS2/NDUFS3/NDUFS6/NDUFS7/NDUFV1/NDUFV2/NME1/NME2/NMNAT1/NNT/NUDT5/OGDH/OLA1/PDHA1/PDHB/PDHX/PFKM/PGAM1/PKLR/PNP/PRDX5/SDHA/SDHB/SDHC/SLC4A1/SUCLA2/SUCLG1/SUCLG2/TKT/TP53I3/UCHL1	83
GO:0072522	purine-containing compound biosynthetic process	50/642	112/3166	0.446428571428571	2.20154650645305	6.52867088334072	2.48332764176136e-09	1.91804384962358e-07	1.85458485379186e-07	ACSL1/ADSS1/AK1/AK4/ATIC/ATP5F1A/ATP5F1B/ATP5F1C/ATP5F1D/ATP5MK/ATP5ME/ATP5MF/ATP5MG/ATP5PB/ATP5PD/ATP5PO/CBR4/DLAT/ENO1/IMPDH2/NADK2/NDUFA10/NDUFA13/NDUFA2/NDUFA5/NDUFA8/NDUFA9/NDUFB1/NDUFB10/NDUFB11/NDUFB4/NDUFB7/NDUFB9/NDUFS1/NDUFS2/NDUFS3/NDUFS6/NDUFS7/NDUFV1/NDUFV2/NME1/NME2/NMNAT1/PDHA1/PDHB/PDHX/PNP/SDHA/SDHB/SDHC	50
GO:0006812	monoatomic cation transport	78/642	211/3166	0.369668246445498	1.82300571377951	6.23986266556937	4.45423241260185e-09	3.35209541820165e-07	3.24119044112674e-07	ACTN2/AGT/ANK2/ANXA6/ATOX1/ATP1A1/ATP1B1/ATP2A1/ATP2A2/ATP2A3/ATP5F1A/ATP5F1B/ATP5F1C/ATP5F1D/ATP5ME/ATP5MF/ATP5MG/ATP5PB/ATP5PD/ATP5PO/BIN1/BPIFA1/CACNA2D1/CASQ1/CASQ2/CAV1/COX4I1/COX5A/COX5B/CTSS/CYB5A/CYC1/DLG1/EHD3/ERO1A/F2/FHL1/FKBP4/GPD1L/GSTM2/HRC/MMP9/NDUFA10/NDUFA2/NDUFA4/NDUFA5/NDUFA8/NDUFA9/NDUFB1/NDUFB10/NDUFB4/NDUFB7/NDUFB9/NDUFS1/NDUFS2/NDUFS3/NDUFS6/NDUFS7/NDUFV1/NDUFV2/NIPSNAP2/NNT/PGRMC2/PHB2/PON3/SLC25A12/SLC25A3/SLC25A4/SRL/SUMO1/TFRC/TMEM109/TPT1/UBQLN1/UQCR10/UQCRC1/UQCRH/VDAC1	78
GO:0006120	mitochondrial electron transport, NADH to ubiquinone	19/642	26/3166	0.730769230769231	3.60376228133237	6.72253198620513	8.42418412591736e-09	6.18124510239186e-07	5.97673694828242e-07	COQ9/NDUFA10/NDUFA2/NDUFA4/NDUFA5/NDUFA8/NDUFA9/NDUFB1/NDUFB10/NDUFB4/NDUFB7/NDUFB9/NDUFS1/NDUFS2/NDUFS3/NDUFS6/NDUFS7/NDUFV1/NDUFV2	19
GO:0055085	transmembrane transport	87/642	249/3166	0.349397590361446	1.72304169950831	5.99383108480392	1.29099063176745e-08	9.19779788792251e-07	8.8934862748459e-07	ACSL1/ACTN2/AGT/ANK2/ANXA6/ARL6IP5/ATP1A1/ATP1B1/ATP2A1/ATP2A2/ATP2A3/ATP5F1A/ATP5F1B/ATP5F1C/ATP5F1D/ATP5ME/ATP5MF/ATP5MG/ATP5PB/ATP5PD/ATP5PO/BIN1/BPIFA1/CA2/CACNA2D1/CASQ1/CASQ2/CAV1/CD36/COX4I1/COX5A/COX5B/CPT2/CTSS/CYB5A/CYC1/DLG1/EHD3/ERO1A/F2/FABP5/FHL1/GSTM2/HRC/HSPA5/HSPA8/HSPD1/MDH1/MMP9/NDUFA10/NDUFA2/NDUFA4/NDUFA5/NDUFA8/NDUFA9/NDUFB1/NDUFB10/NDUFB4/NDUFB7/NDUFB9/NDUFS1/NDUFS2/NDUFS3/NDUFS6/NDUFS7/NDUFV1/NDUFV2/NIPSNAP2/NNT/PHB2/RTN2/SEC62/SLC25A11/SLC25A12/SLC25A3/SLC25A4/SLC44A2/SLC4A1/SUMO1/TMEM109/UBQLN1/UQCR10/UQCRC1/UQCRH/VDAC1/VDAC2/VDAC3	87
GO:0009117	nucleotide metabolic process	76/642	208/3166	0.365384615384615	1.80188114066619	6.03326328769437	1.31620957851021e-08	9.19779788792251e-07	8.8934862748459e-07	ABHD14B/ADSS1/AK1/AK4/ALDOC/APP/ATIC/ATP1B1/ATP5F1A/ATP5F1B/ATP5F1C/ATP5F1D/ATP5MK/ATP5ME/ATP5MF/ATP5MG/ATP5PB/ATP5PD/ATP5PO/CDA/CMPK1/DCXR/DLG1/DNPH1/ENO1/ENO3/FBP1/GPD1/GPD1L/HINT1/HSPA8/IMPDH2/MDH1/MPP1/MYH4/MYH7/NADK2/NDUFA10/NDUFA13/NDUFA2/NDUFA5/NDUFA8/NDUFA9/NDUFB1/NDUFB10/NDUFB11/NDUFB4/NDUFB7/NDUFB9/NDUFS1/NDUFS2/NDUFS3/NDUFS6/NDUFS7/NDUFV1/NDUFV2/NME1/NME2/NMNAT1/NNT/NUDT5/OGDH/OLA1/PFKM/PGAM1/PKLR/PNP/PRDX5/REXO2/SDHA/SDHB/SDHC/SLC4A1/TKT/TP53I3/UCHL1	76
GO:0006936	muscle contraction	43/642	96/3166	0.447916666666667	2.20888499480789	6.06542325006089	3.05684889203518e-08	2.0864770925868e-06	2.01744543768099e-06	ANK2/ANXA6/ATP1A1/ATP1B1/ATP2A1/ATP2A2/BIN1/CACNA2D1/CASQ1/CASQ2/CAV1/CKMT2/CNN1/CRYAB/DLG1/EHD3/ENO1/GPD1L/GSTM2/HRC/KLHL41/MYH2/MYH4/MYH7/MYL1/MYL2/MYL3/MYL11/MYOM2/PABPN1/SUMO1/SYNM/TCAP/TMOD1/TNNI3/TNNC2/TNNI1/TNNI2/TNNT1/TPM1/TPM2/TPM4/TTN	43
GO:0006811	monoatomic ion transport	82/642	235/3166	0.348936170212766	1.72076622257573	5.79068770540278	3.85117517008708e-08	2.5689088918649e-06	2.48391585132889e-06	ACTN2/AGT/ANK2/ANXA6/ATOX1/ATP1A1/ATP1B1/ATP2A1/ATP2A2/ATP2A3/ATP5F1A/ATP5F1B/ATP5F1C/ATP5F1D/ATP5ME/ATP5MF/ATP5MG/ATP5PB/ATP5PD/ATP5PO/BIN1/BPIFA1/CA2/CACNA2D1/CASQ1/CASQ2/CAV1/COX4I1/COX5A/COX5B/CTSS/CYB5A/CYC1/DLG1/EHD3/ERO1A/F2/FHL1/FKBP4/GPD1L/GSTM2/HRC/MMP9/NDUFA10/NDUFA2/NDUFA4/NDUFA5/NDUFA8/NDUFA9/NDUFB1/NDUFB10/NDUFB4/NDUFB7/NDUFB9/NDUFS1/NDUFS2/NDUFS3/NDUFS6/NDUFS7/NDUFV1/NDUFV2/NIPSNAP2/NNT/PGRMC2/PHB2/PON3/SLC25A12/SLC25A3/SLC25A4/SLC4A1/SRL/SUMO1/TFRC/TMEM109/TPT1/UBQLN1/UQCR10/UQCRC1/UQCRH/VDAC1/VDAC2/VDAC3	82
GO:0006941	striated muscle contraction	29/642	55/3166	0.527272727272727	2.60022656471255	6.0370185566981	7.37747807389358e-08	4.81175514375059e-06	4.65255693268236e-06	ANK2/ATP1A1/ATP1B1/ATP2A1/ATP2A2/BIN1/CACNA2D1/CASQ1/CASQ2/CAV1/DLG1/EHD3/GPD1L/GSTM2/HRC/KLHL41/MYH7/MYL2/MYL3/SUMO1/SYNM/TCAP/TNNI3/TNNC2/TNNI1/TNNI2/TNNT1/TPM1/TTN	29
GO:0006753	nucleoside phosphate metabolic process	88/642	267/3166	0.329588014981273	1.62535148820983	5.384748285391	2.4127046386737e-07	1.5394104596755e-05	1.48847865122753e-05	ABHD14B/ACSL1/ADSS1/AK1/AK4/ALDOC/APP/ATIC/ATP1B1/ATP5F1A/ATP5F1B/ATP5F1C/ATP5F1D/ATP5MK/ATP5ME/ATP5MF/ATP5MG/ATP5PB/ATP5PD/ATP5PO/CBR4/CDA/CMPK1/DCXR/DLAT/DLG1/DNPH1/ENO1/ENO3/FBP1/GNPNAT1/GPD1/GPD1L/HINT1/HSPA8/IMPDH2/MCCC2/MDH1/MPP1/MYH4/MYH7/NADK2/NDUFA10/NDUFA13/NDUFA2/NDUFA5/NDUFA8/NDUFA9/NDUFB1/NDUFB10/NDUFB11/NDUFB4/NDUFB7/NDUFB9/NDUFS1/NDUFS2/NDUFS3/NDUFS6/NDUFS7/NDUFV1/NDUFV2/NME1/NME2/NMNAT1/NNT/NUDT5/OGDH/OLA1/PDHA1/PDHB/PDHX/PFKM/PGAM1/PKLR/PNP/PRDX5/REXO2/SDHA/SDHB/SDHC/SLC4A1/SUCLA2/SUCLG1/SUCLG2/TKT/TP53I3/UCHL1/UGP2	88
GO:0055086	nucleobase-containing small molecule metabolic process	90/642	276/3166	0.326086956521739	1.60808614384397	5.33188069353794	3.00133688437597e-07	1.87423909694542e-05	1.81222939311929e-05	ABHD14B/ACSL1/ADSS1/AK1/AK4/ALDH6A1/ALDOC/APP/ATIC/ATP1B1/ATP5F1A/ATP5F1B/ATP5F1C/ATP5F1D/ATP5MK/ATP5ME/ATP5MF/ATP5MG/ATP5PB/ATP5PD/ATP5PO/CBR4/CDA/CMPK1/DCXR/DLAT/DLG1/DNPH1/ENO1/ENO3/ERH/FBP1/GNPNAT1/GPD1/GPD1L/HINT1/HSPA8/IMPDH2/MCCC2/MDH1/MPP1/MYH4/MYH7/NADK2/NDUFA10/NDUFA13/NDUFA2/NDUFA5/NDUFA8/NDUFA9/NDUFB1/NDUFB10/NDUFB11/NDUFB4/NDUFB7/NDUFB9/NDUFS1/NDUFS2/NDUFS3/NDUFS6/NDUFS7/NDUFV1/NDUFV2/NME1/NME2/NMNAT1/NNT/NUDT5/OGDH/OLA1/PDHA1/PDHB/PDHX/PFKM/PGAM1/PKLR/PNP/PRDX5/REXO2/SDHA/SDHB/SDHC/SLC4A1/SUCLA2/SUCLG1/SUCLG2/TKT/TP53I3/UCHL1/UGP2	90
GO:0060048	cardiac muscle contraction	24/642	44/3166	0.545454545454545	2.68988954970263	5.692170563854	4.4441839907538e-07	2.717433336013e-05	2.62752632435795e-05	ANK2/ATP1A1/ATP1B1/ATP2A1/ATP2A2/BIN1/CACNA2D1/CASQ2/CAV1/DLG1/EHD3/GPD1L/GSTM2/HRC/MYH7/MYL2/MYL3/SUMO1/TCAP/TNNI3/TNNI1/TNNI2/TPM1/TTN	24
GO:1901293	nucleoside phosphate biosynthetic process	54/642	143/3166	0.377622377622378	1.86223122671721	5.32086681486334	5.90109167400496e-07	3.53463348228664e-05	3.41768918434315e-05	ACSL1/ADSS1/AK1/AK4/ATIC/ATP5F1A/ATP5F1B/ATP5F1C/ATP5F1D/ATP5MK/ATP5ME/ATP5MF/ATP5MG/ATP5PB/ATP5PD/ATP5PO/CBR4/CDA/CMPK1/DLAT/ENO1/GNPNAT1/IMPDH2/NADK2/NDUFA10/NDUFA13/NDUFA2/NDUFA5/NDUFA8/NDUFA9/NDUFB1/NDUFB10/NDUFB11/NDUFB4/NDUFB7/NDUFB9/NDUFS1/NDUFS2/NDUFS3/NDUFS6/NDUFS7/NDUFV1/NDUFV2/NME1/NME2/NMNAT1/PDHA1/PDHB/PDHX/PNP/SDHA/SDHB/SDHC/UGP2	54
GO:0003012	muscle system process	48/642	122/3166	0.39344262295082	1.94024819978551	5.34084283043912	6.33887469674236e-07	3.72091944698777e-05	3.59781182787735e-05	AGT/ANK2/ANXA6/ATP1A1/ATP1B1/ATP2A1/ATP2A2/BIN1/CACNA2D1/CASQ1/CASQ2/CAV1/CKMT2/CNN1/CRYAB/DLG1/EHD3/ENO1/GATM/GPD1L/GSTM2/HRC/KLHL41/LMCD1/MYH2/MYH4/MYH7/MYL1/MYL2/MYL3/MYL11/MYOM2/PABPN1/SORBS2/SUMO1/SYNM/TCAP/TMOD1/TNNI3/TNNC2/TNNI1/TNNI2/TNNT1/TPM1/TPM2/TPM4/TRIM72/TTN	48
GO:0006937	regulation of muscle contraction	25/642	48/3166	0.520833333333333	2.56847092419522	5.5216481802127	8.19009633600232e-07	4.71332014630722e-05	4.5573786835629e-05	ANK2/ANXA6/ATP1A1/ATP1B1/ATP2A1/ATP2A2/BIN1/CASQ1/CASQ2/CAV1/CNN1/DLG1/EHD3/ENO1/GSTM2/HRC/MYH7/MYL2/MYL3/SUMO1/TNNI3/TNNC2/TNNI1/TNNT1/TPM1	25
GO:1903522	regulation of blood circulation	30/642	65/3166	0.461538461538462	2.27606038820992	5.24187570204801	1.85153151817152e-06	0.000104504711650642	0.000101047145202235	AGT/ANK2/APP/ATP1A1/ATP1B1/ATP2A1/ATP2A2/ATP2A3/BIN1/CACNA2D1/CASQ2/CAV1/DLG1/EGFR/EHD3/FGA/FGB/FGG/GPD1L/GSTM2/HRC/MMP2/MYH7/MYL2/MYL3/POPDC1/S100A1/SUMO1/TNNI3/TPM1	30
GO:0006099	tricarboxylic acid cycle	16/642	25/3166	0.64	3.15613707165109	5.45785632299187	2.23820247354844e-06	0.00011943862290663	0.000115486963994002	CS/DLAT/IDH3A/IDH3B/IDH3G/MDH1/NNT/OGDH/PDHA1/PDHB/SDHA/SDHB/SDHC/SUCLA2/SUCLG1/SUCLG2	16
GO:0010257	NADH dehydrogenase complex assembly	16/642	25/3166	0.64	3.15613707165109	5.45785632299187	2.23820247354844e-06	0.00011943862290663	0.000115486963994002	NDUFA10/NDUFA13/NDUFA2/NDUFA5/NDUFA8/NDUFA9/NDUFB1/NDUFB10/NDUFB11/NDUFB4/NDUFB7/NDUFB9/NDUFS1/NDUFS2/NDUFS3/NDUFS7	16
GO:0032981	mitochondrial respiratory chain complex I assembly	16/642	25/3166	0.64	3.15613707165109	5.45785632299187	2.23820247354844e-06	0.00011943862290663	0.000115486963994002	NDUFA10/NDUFA13/NDUFA2/NDUFA5/NDUFA8/NDUFA9/NDUFB1/NDUFB10/NDUFB11/NDUFB4/NDUFB7/NDUFB9/NDUFS1/NDUFS2/NDUFS3/NDUFS7	16
GO:1901135	carbohydrate derivative metabolic process	92/642	297/3166	0.30976430976431	1.52759159612742	4.81637746373226	2.90783158338449e-06	0.00015240153030774	0.000147359284751966	ABHD14B/ADSS1/AGA/AK1/AK4/AKR1C2/ALDH1A1/ALDOC/APCS/APP/ATIC/ATP1B1/ATP5F1A/ATP5F1B/ATP5F1C/ATP5F1D/ATP5MK/ATP5ME/ATP5MF/ATP5MG/ATP5PB/ATP5PD/ATP5PO/CBR4/CDA/CHI3L1/CMPK1/CTBS/CTSL/DCXR/DLG1/DNPH1/ENO1/ENO3/ERH/FBP1/FUCA1/GALNT6/GM2A/GNPNAT1/GNS/GPD1/GPD1L/HINT1/HSPA8/IMPDH2/ITIH2/KRTCAP2/LYVE1/MAN2B1/MLEC/MPP1/MYH4/MYH7/NDUFA10/NDUFA13/NDUFA2/NDUFA5/NDUFA8/NDUFA9/NDUFB1/NDUFB10/NDUFB11/NDUFB4/NDUFB7/NDUFB9/NDUFS1/NDUFS2/NDUFS3/NDUFS6/NDUFS7/NDUFV1/NDUFV2/NME1/NME2/NMNAT1/NUDT5/OGDH/OLA1/PFKM/PGAM1/PKLR/PNP/SCCPDH/SDHA/SDHB/SDHC/SLC4A1/SUMF1/TKT/UCHL1/UGP2	92
GO:0006942	regulation of striated muscle contraction	19/642	34/3166	0.558823529411765	2.75581821513652	5.19060317325545	4.51972640958308e-06	0.000232726263370637	0.000225026452451265	ANK2/ATP1A1/ATP1B1/ATP2A1/ATP2A2/BIN1/CASQ1/CASQ2/CAV1/DLG1/EHD3/GSTM2/HRC/MYH7/MYL2/MYL3/SUMO1/TNNI3/TNNI1	19
GO:0060047	heart contraction	28/642	62/3166	0.451612903225806	2.2271128529796	4.92072607282006	6.95961360908415e-06	0.000352180447287275	0.000340528462615079	AGT/ANK2/ATP1A1/ATP1B1/ATP2A1/ATP2A2/ATP2A3/BIN1/CACNA2D1/CASQ2/CAV1/DLG1/EHD3/GPD1L/GSTM2/HRC/MYH7/MYL2/MYL3/POPDC1/S100A1/SUMO1/TCAP/TNNI3/TNNI1/TNNI2/TPM1/TTN	28
GO:0019637	organophosphate metabolic process	103/642	350/3166	0.294285714285714	1.45125945705385	4.5139184572061	9.45242689084119e-06	0.000462979432758001	0.000447661633897811	ABHD14B/ACSL1/ADSS1/AK1/AK4/ALDOC/APOA1/APOA2/APOA4/APP/ATIC/ATP1B1/ATP5F1A/ATP5F1B/ATP5F1C/ATP5F1D/ATP5MK/ATP5ME/ATP5MF/ATP5MG/ATP5PB/ATP5PD/ATP5PO/CBR4/CDA/CKM/CKMT2/CMPK1/DCXR/DLAT/DLG1/DNPH1/ENO1/ENO3/FABP3/FABP5/FBP1/GNPNAT1/GPD1/GPD1L/HINT1/HSPA8/IMPDH2/MCCC2/MDH1/MPP1/MYH4/MYH7/NADK2/NDUFA10/NDUFA13/NDUFA2/NDUFA5/NDUFA8/NDUFA9/NDUFB1/NDUFB10/NDUFB11/NDUFB4/NDUFB7/NDUFB9/NDUFS1/NDUFS2/NDUFS3/NDUFS6/NDUFS7/NDUFV1/NDUFV2/NME1/NME2/NMNAT1/NNT/NUDT5/OGDH/OLA1/PCYT1A/PDHA1/PDHB/PDHX/PDXK/PFKM/PGAM1/PHB2/PKLR/PLBD1/PLBD2/PNP/PRDX5/PRDX6/REXO2/SACM1L/SDHA/SDHB/SDHC/SLC44A2/SLC4A1/SUCLA2/SUCLG1/SUCLG2/TKT/TP53I3/UCHL1/UGP2	103
GO:0045214	sarcomere organization	16/642	27/3166	0.592592592592593	2.92234914041768	5.05857493725333	9.46465620629644e-06	0.000462979432758001	0.000447661633897811	ACTN2/CASQ1/CFL2/KRT19/KRT8/LDB3/MYBPC1/MYBPC2/MYH7/MYOM1/MYOM2/MYOM3/TCAP/TNNT1/TPM1/TTN	16
GO:0003015	heart process	28/642	64/3166	0.4375	2.15751557632399	4.71743179775417	1.46665521114351e-05	0.000705677548312491	0.000682330017125608	AGT/ANK2/ATP1A1/ATP1B1/ATP2A1/ATP2A2/ATP2A3/BIN1/CACNA2D1/CASQ2/CAV1/DLG1/EHD3/GPD1L/GSTM2/HRC/MYH7/MYL2/MYL3/POPDC1/S100A1/SUMO1/TCAP/TNNI3/TNNI1/TNNI2/TPM1/TTN	28
GO:0090407	organophosphate biosynthetic process	66/642	204/3166	0.323529411764706	1.59547370350009	4.43399133493427	1.82307024465091e-05	0.000863017930330713	0.000834464750352946	ACSL1/ADSS1/AK1/AK4/APOA1/APOA2/ATIC/ATP5F1A/ATP5F1B/ATP5F1C/ATP5F1D/ATP5MK/ATP5ME/ATP5MF/ATP5MG/ATP5PB/ATP5PD/ATP5PO/CBR4/CDA/CKM/CKMT2/CMPK1/DCXR/DLAT/ENO1/FABP3/FABP5/GNPNAT1/IMPDH2/NADK2/NDUFA10/NDUFA13/NDUFA2/NDUFA5/NDUFA8/NDUFA9/NDUFB1/NDUFB10/NDUFB11/NDUFB4/NDUFB7/NDUFB9/NDUFS1/NDUFS2/NDUFS3/NDUFS6/NDUFS7/NDUFV1/NDUFV2/NME1/NME2/NMNAT1/PCYT1A/PDHA1/PDHB/PDHX/PDXK/PNP/SACM1L/SDHA/SDHB/SDHC/SLC44A2/TKT/UGP2	66
GO:0008016	regulation of heart contraction	24/642	52/3166	0.461538461538462	2.27606038820992	4.67867944566919	2.03150652733968e-05	0.000946424072657453	0.000915111378063119	AGT/ANK2/ATP1A1/ATP1B1/ATP2A1/ATP2A2/ATP2A3/BIN1/CACNA2D1/CASQ2/CAV1/DLG1/EHD3/GPD1L/GSTM2/HRC/MYH7/MYL2/MYL3/POPDC1/S100A1/SUMO1/TNNI3/TPM1	24
GO:0070252	actin-mediated cell contraction	18/642	35/3166	0.514285714285714	2.53618157543391	4.6083423636329	3.71520899525103e-05	0.0017037716251659	0.00164740188342052	ANK2/ATP1A1/ATP2A1/ATP2A2/BIN1/CACNA2D1/CAV1/DLG1/GPD1L/MYH2/MYH4/MYH7/MYL1/MYL11/PARVA/SHTN1/SUMO1/TPM1	18
GO:0006397	mRNA processing	50/642	148/3166	0.337837837837838	1.66603519407258	4.18483283223808	5.72711116441236e-05	0.0025860109642385	0.00250045209704546	ADAR/ALYREF/ARGLU1/CPSF6/CPSF7/DDX46/HNRNPA1/HNRNPF/HNRNPUL1/HSPA8/KHSRP/LSM1/LSM2/LSM4/LSM6/LSM7/NONO/NUDT21/PABPC1/PABPN1/PLRG1/PPIE/PPIH/PPIL1/PPIL3/PRDX6/PUF60/RALY/RBMX/RBMXL1/SF3A1/SF3B2/SF3B4/SNRNP200/SNRNP70/SNRPA/SNRPD1/SNRPD2/SNRPD3/SNRPE/SNRPF/SRSF1/SRSF2/SRSF5/SRSF6/TCERG1/THOC1/TRA2B/YBX1/ZPR1	50
GO:0030239	myofibril assembly	19/642	39/3166	0.487179487179487	2.40250818755492	4.44409632958166	5.96897084050038e-05	0.00265438324498009	0.00256656226251818	ACTN2/CASQ1/CFL2/KLHL41/KRT19/KRT8/LDB3/MYBPC1/MYBPC2/MYH7/MYL2/MYOM1/MYOM2/MYOM3/TCAP/TMOD1/TNNT1/TPM1/TTN	19
GO:0097250	mitochondrial respirasome assembly	17/642	34/3166	0.5	2.46573208722741	4.33304174516346	9.72114571500259e-05	0.00425844219007949	0.00411755048666881	ATP5F1D/NDUFA10/NDUFA13/NDUFA2/NDUFA5/NDUFA8/NDUFA9/NDUFB1/NDUFB10/NDUFB11/NDUFB4/NDUFB7/NDUFB9/NDUFS1/NDUFS2/NDUFS3/NDUFS7	17
GO:1901137	carbohydrate derivative biosynthetic process	53/642	163/3166	0.325153374233129	1.60348221623378	3.98924131865461	0.000109906780056737	0.00474377058039007	0.00458682165685703	ADSS1/AK1/AK4/ATIC/ATP5F1A/ATP5F1B/ATP5F1C/ATP5F1D/ATP5MK/ATP5ME/ATP5MF/ATP5MG/ATP5PB/ATP5PD/ATP5PO/CDA/CMPK1/DCXR/DNPH1/ENO1/GALNT6/GNPNAT1/IMPDH2/KRTCAP2/MLEC/NDUFA10/NDUFA13/NDUFA2/NDUFA5/NDUFA8/NDUFA9/NDUFB1/NDUFB10/NDUFB11/NDUFB4/NDUFB7/NDUFB9/NDUFS1/NDUFS2/NDUFS3/NDUFS6/NDUFS7/NDUFV1/NDUFV2/NME1/NME2/PNP/SCCPDH/SDHA/SDHB/SDHC/TKT/UGP2	53
GO:0090257	regulation of muscle system process	27/642	67/3166	0.402985074626866	1.98730645836239	4.11896675858396	0.000119779461211824	0.00509496693705369	0.004926398587751	AGT/ANK2/ANXA6/ATP1A1/ATP1B1/ATP2A1/ATP2A2/BIN1/CASQ1/CASQ2/CAV1/CNN1/DLG1/EHD3/ENO1/GSTM2/HRC/LMCD1/MYH7/MYL2/MYL3/SUMO1/TNNI3/TNNC2/TNNI1/TNNT1/TPM1	27
GO:0055001	muscle cell development	28/642	72/3166	0.388888888888889	1.9177916233991	3.97246316686198	0.000186687250853067	0.00782752973219644	0.00756855380902057	ACTN2/ANK2/ATP2A2/BIN1/CASQ1/CFL2/KLHL40/KLHL41/KRT19/KRT8/LDB3/MYBPC1/MYBPC2/MYH7/MYL2/MYOM1/MYOM2/MYOM3/NACA/POPDC1/SORBS2/SYPL2/TCAP/TMOD1/TNNT1/TPM1/TTN/UCHL1	28
GO:0042698	ovulation cycle	8/642	11/3166	0.727272727272727	3.58651939960351	4.33333332546816	0.000252988495931147	0.0104580455712383	0.0101120383251353	A2M/CASP3/EGFR/HSPA8/AMH/MMP2/SERPINF1/NR5A1	8
GO:0044057	regulation of system process	43/642	129/3166	0.333333333333333	1.64382139148494	3.76484895857409	0.000268529113140133	0.0109462909314762	0.0105841299565175	AGT/ANK2/ANXA6/APOA1/APOA2/APOA4/APP/ATP1A1/ATP1B1/ATP2A1/ATP2A2/ATP2A3/BIN1/CACNA2D1/CASQ1/CASQ2/CAV1/CC2D1A/CNN1/DLG1/EGFR/EHD3/ENO1/FABP5/FGA/FGB/FGG/GPD1L/GSTM2/HRC/LMCD1/MMP2/MYH7/MYL2/MYL3/POPDC1/S100A1/SUMO1/TNNI3/TNNC2/TNNI1/TNNT1/TPM1	43
GO:0008380	RNA splicing	47/642	145/3166	0.324137931034483	1.59847459447846	3.72018085588958	0.000294491989580024	0.0118401916358544	0.0114484557160454	ALYREF/ARGLU1/DDX46/HNRNPA1/HNRNPF/HNRNPUL1/HSPA8/KHSRP/LSM1/LSM2/LSM4/LSM6/LSM7/NONO/PABPC1/PLRG1/PPIE/PPIH/PPIL1/PPIL3/PPP1R9B/PRDX6/PUF60/RALY/RBM12/RBMX/RBMXL1/SF3A1/SF3B2/SF3B4/SNRNP200/SNRNP70/SNRPA/SNRPD1/SNRPD2/SNRPD3/SNRPE/SNRPF/SRSF1/SRSF2/SRSF5/SRSF6/TCERG1/THOC1/TRA2B/YBX1/ZPR1	47
GO:0003009	skeletal muscle contraction	11/642	19/3166	0.578947368421053	2.85505820626332	4.08973968758194	0.000335702899182583	0.0133147028256876	0.0128741823072012	ATP2A1/CASQ1/GSTM2/MYH7/SYNM/TCAP/TNNI3/TNNC2/TNNI1/TNNI2/TNNT1	11
GO:0000375	RNA splicing, via transesterification reactions	39/642	117/3166	0.333333333333333	1.64382139148494	3.57840355805079	0.000516667900057587	0.0202189371555869	0.0195499881902492	ARGLU1/DDX46/HNRNPA1/HNRNPF/HNRNPUL1/HSPA8/KHSRP/LSM1/LSM2/LSM4/LSM6/LSM7/PABPC1/PLRG1/PPIE/PPIH/PPIL1/PPIL3/PRDX6/PUF60/RALY/RBMX/RBMXL1/SF3A1/SF3B2/SF3B4/SNRNP200/SNRNP70/SNRPA/SNRPD1/SNRPD2/SNRPD3/SNRPE/SNRPF/SRSF1/SRSF2/SRSF5/SRSF6/TRA2B	39
GO:0033108	mitochondrial respiratory chain complex assembly	16/642	35/3166	0.457142857142857	2.25438362260792	3.76298562666889	0.000572225024101631	0.022098426917609	0.0213672945287811	NDUFA10/NDUFA13/NDUFA2/NDUFA5/NDUFA8/NDUFA9/NDUFB1/NDUFB10/NDUFB11/NDUFB4/NDUFB7/NDUFB9/NDUFS1/NDUFS2/NDUFS3/NDUFS7	16
GO:0055117	regulation of cardiac muscle contraction	13/642	26/3166	0.5	2.46573208722741	3.78430508431491	0.000656228439122384	0.0250133827120026	0.0241858082279419	ANK2/ATP1B1/ATP2A1/ATP2A2/BIN1/CASQ2/CAV1/DLG1/EHD3/GSTM2/HRC/SUMO1/TNNI3	13
GO:0008015	blood circulation	43/642	134/3166	0.32089552238806	1.58248477239968	3.47441805293311	0.00067625357456681	0.0254462082224819	0.0246043135901771	AGT/ANK2/APP/ATP1A1/ATP1B1/ATP2A1/ATP2A2/ATP2A3/AZU1/BIN1/CACNA2D1/CASQ2/CAV1/CMA1/DLG1/EGFR/EHD3/EMILIN1/F5/FGA/FGB/FGG/GNA11/GPD1L/GSTM2/HBB/HRC/MANF/MMP2/MYH7/MYL2/MYL3/POPDC1/POSTN/S100A1/SOD3/SUMO1/TCAP/TNNI3/TNNI1/TNNI2/TPM1/TTN	43
GO:0003013	circulatory system process	46/642	146/3166	0.315068493150685	1.55374898647207	3.45458272280447	0.000694714396075356	0.0258099588921667	0.0249560294712746	AGT/ANK2/APP/ATP1A1/ATP1B1/ATP2A1/ATP2A2/ATP2A3/AZU1/BIN1/CACNA2D1/CASQ2/CAV1/CD36/CMA1/DLG1/EGFR/EHD3/EMILIN1/F5/FABP5/FGA/FGB/FGG/GNA11/GPD1L/GSTM2/HBB/HRC/MANF/MMP2/MYH7/MYL2/MYL3/POPDC1/POSTN/S100A1/SOD3/SUMO1/TCAP/TFRC/TNNI3/TNNI1/TNNI2/TPM1/TTN	46
GO:1903241	U2-type prespliceosome assembly	9/642	15/3166	0.6	2.9588785046729	3.83476384851495	0.000846187334862194	0.0310444978477567	0.0300173822998484	DDX46/SF3A1/SF3B2/SF3B4/SNRPD1/SNRPD2/SNRPD3/SNRPE/SNRPF	9
GO:0061061	muscle structure development	55/642	184/3166	0.298913043478261	1.4740789651903	3.34130002570662	0.000907181260732424	0.0328713209907366	0.031783764508572	ACADM/ACTL6A/ACTN2/ANK2/ASS1/ATP2A2/BIN1/CASP3/CASP7/CASQ1/CAV1/CFL2/COL3A1/CRYAB/DNMT1/ERO1A/FHL1/FHL3/FLNB/HDGFL2/HSPA8/ITGA7/KLHL40/KLHL41/KRT19/KRT8/LAMB1/LDB3/LGALS1/MYBPC1/MYBPC2/MYH7/MYL2/MYL3/MYL11/MYOM1/MYOM2/MYOM3/NACA/POPDC1/RBPJ/SMYD1/SORBS2/SYPL2/TAGLN/TCAP/TMOD1/TNNI3/TNNI1/TNNT1/TPM1/TRIM72/TTN/UCHL1/YBX1	55
GO:0060415	muscle tissue morphogenesis	11/642	21/3166	0.523809523809524	2.58314790090491	3.67054462008515	0.00105073747568133	0.0376087133063987	0.0363644189273024	COL3A1/MYH7/MYL2/MYL3/MYL11/RBPJ/TCAP/TNNI3/TNNI1/TPM1/TTN	11
GO:0043436	oxoacid metabolic process	80/642	291/3166	0.274914089347079	1.35572898266799	3.21111985753637	0.00117386153472166	0.0415094410169647	0.0401360900140722	ABHD14B/ACAA2/ACADM/ACADVL/ACOX1/ACSL1/ADH1B/ADSS1/AKR1C2/ALDH1A1/ALDH3A2/ALDH4A1/ALDH5A1/ALDH6A1/ALDOC/APOA4/APOC3/APP/ARG1/ASS1/ATIC/BCKDHB/CAV1/CBR4/CD36/CPT2/CRABP2/CRAT/CS/DCXR/DGLUCY/DLAT/ECI2/ENO1/ENO3/EPHX1/ERO1A/ETFA/ETFB/ETFDH/FABP3/FABP5/FBP1/GATM/GLUL/GOT2/GPD1/GPT/GSTM2/HADHB/HIBADH/HSD17B8/IDH3A/IDH3B/IDH3G/MCCC2/MDH1/MGST3/MPO/MTR/OGDH/PDHA1/PDHB/PDHX/PFKM/PGAM1/PKLR/PON3/PSPH/PTGES2/PTGR2/QDPR/SDHA/SLC4A1/SUCLA2/SUCLG2/TNXB/UCHL1/UGP2/VDAC1	80
GO:0019752	carboxylic acid metabolic process	78/642	283/3166	0.275618374558304	1.35920213995575	3.19315137912692	0.00125139009369026	0.0429281637775225	0.0415078739511165	ACAA2/ACADM/ACADVL/ACOX1/ACSL1/ADH1B/ADSS1/AKR1C2/ALDH1A1/ALDH3A2/ALDH4A1/ALDH5A1/ALDH6A1/ALDOC/APOA4/APOC3/APP/ARG1/ASS1/ATIC/BCKDHB/CAV1/CBR4/CD36/CPT2/CRABP2/CRAT/CS/DCXR/DGLUCY/DLAT/ECI2/ENO1/ENO3/EPHX1/ERO1A/ETFA/ETFB/ETFDH/FABP3/FABP5/FBP1/GATM/GLUL/GOT2/GPD1/GPT/GSTM2/HADHB/HIBADH/HSD17B8/IDH3A/IDH3B/IDH3G/MCCC2/MDH1/MGST3/MTR/OGDH/PDHA1/PDHB/PDHX/PFKM/PGAM1/PKLR/PON3/PSPH/PTGES2/PTGR2/QDPR/SDHA/SLC4A1/SUCLA2/SUCLG2/TNXB/UCHL1/UGP2/VDAC1	78
GO:0000377	RNA splicing, via transesterification reactions with bulged adenosine as nucleophile	37/642	114/3166	0.324561403508772	1.60056293381429	3.29327791229756	0.00125786101699044	0.0429281637775225	0.0415078739511165	ARGLU1/DDX46/HNRNPA1/HNRNPF/HNRNPUL1/HSPA8/LSM2/LSM4/LSM6/LSM7/PABPC1/PLRG1/PPIE/PPIH/PPIL1/PPIL3/PRDX6/PUF60/RALY/RBMX/RBMXL1/SF3A1/SF3B2/SF3B4/SNRNP200/SNRNP70/SNRPA/SNRPD1/SNRPD2/SNRPD3/SNRPE/SNRPF/SRSF1/SRSF2/SRSF5/SRSF6/TRA2B	37
GO:0000398	mRNA splicing, via spliceosome	37/642	114/3166	0.324561403508772	1.60056293381429	3.29327791229756	0.00125786101699044	0.0429281637775225	0.0415078739511165	ARGLU1/DDX46/HNRNPA1/HNRNPF/HNRNPUL1/HSPA8/LSM2/LSM4/LSM6/LSM7/PABPC1/PLRG1/PPIE/PPIH/PPIL1/PPIL3/PRDX6/PUF60/RALY/RBMX/RBMXL1/SF3A1/SF3B2/SF3B4/SNRNP200/SNRNP70/SNRPA/SNRPD1/SNRPD2/SNRPD3/SNRPE/SNRPF/SRSF1/SRSF2/SRSF5/SRSF6/TRA2B	37
GO:0006082	organic acid metabolic process	80/642	292/3166	0.273972602739726	1.3510860751931	3.1752018909021	0.00131100373795671	0.044227539895436	0.0427642598612375	ABHD14B/ACAA2/ACADM/ACADVL/ACOX1/ACSL1/ADH1B/ADSS1/AKR1C2/ALDH1A1/ALDH3A2/ALDH4A1/ALDH5A1/ALDH6A1/ALDOC/APOA4/APOC3/APP/ARG1/ASS1/ATIC/BCKDHB/CAV1/CBR4/CD36/CPT2/CRABP2/CRAT/CS/DCXR/DGLUCY/DLAT/ECI2/ENO1/ENO3/EPHX1/ERO1A/ETFA/ETFB/ETFDH/FABP3/FABP5/FBP1/GATM/GLUL/GOT2/GPD1/GPT/GSTM2/HADHB/HIBADH/HSD17B8/IDH3A/IDH3B/IDH3G/MCCC2/MDH1/MGST3/MPO/MTR/OGDH/PDHA1/PDHB/PDHX/PFKM/PGAM1/PKLR/PON3/PSPH/PTGES2/PTGR2/QDPR/SDHA/SLC4A1/SUCLA2/SUCLG2/TNXB/UCHL1/UGP2/VDAC1	80
GO:0007517	muscle organ development	32/642	95/3166	0.336842105263158	1.66112477455321	3.29924845716476	0.0013308199758601	0.0443858707857887	0.0429173523315651	ASS1/CASQ1/CAV1/CFL2/COL3A1/CRYAB/ERO1A/FHL1/FHL3/FLNB/HDGFL2/HSPA8/ITGA7/KLHL40/KLHL41/MYH7/MYL2/MYL3/MYL11/MYOM1/MYOM2/NACA/POPDC1/RBPJ/SMYD1/TAGLN/TCAP/TNNI3/TNNI1/TPM1/TRIM72/TTN	32
GO:0010927	cellular component assembly involved in morphogenesis	20/642	51/3166	0.392156862745098	1.93390751939405	3.39054591995276	0.00136209651870818	0.0444194809156503	0.0429498504612546	ACTN2/ANK2/CASQ1/CFL2/KLHL41/KRT19/KRT8/LDB3/MYBPC1/MYBPC2/MYH7/MYL2/MYOM1/MYOM2/MYOM3/TCAP/TMOD1/TNNT1/TPM1/TTN	20
GO:0032989	cellular anatomical entity morphogenesis	20/642	51/3166	0.392156862745098	1.93390751939405	3.39054591995276	0.00136209651870818	0.0444194809156503	0.0429498504612546	ACTN2/ANK2/CASQ1/CFL2/KLHL41/KRT19/KRT8/LDB3/MYBPC1/MYBPC2/MYH7/MYL2/MYOM1/MYOM2/MYOM3/TCAP/TMOD1/TNNT1/TPM1/TTN	20
GO:0000245	spliceosomal complex assembly	14/642	31/3166	0.451612903225806	2.2271128529796	3.46223287052518	0.0014629385780242	0.0471837882033079	0.0456226998999796	DDX46/PUF60/SF3A1/SF3B2/SF3B4/SNRNP200/SNRPD1/SNRPD2/SNRPD3/SNRPE/SNRPF/SRSF1/SRSF5/SRSF6	14
GO:0055002	striated muscle cell development	23/642	62/3166	0.370967741935484	1.82941412923324	3.32595304578006	0.00148829969932786	0.0474799958426877	0.0459091074300676	ACTN2/CASQ1/CFL2/KLHL40/KLHL41/KRT19/KRT8/LDB3/MYBPC1/MYBPC2/MYH7/MYL2/MYOM1/MYOM2/MYOM3/NACA/POPDC1/SORBS2/TCAP/TMOD1/TNNT1/TPM1/TTN	23
